Feature,Importance,Rank
cp,0.2810245728916296,1
thal,0.1483059173779706,2
oldpeak,0.13048154957382085,3
ca,0.08912040347750856,4
chol,0.073486350676904,5
age,0.05634372866597264,6
slope,0.04736976676164254,7
thalach,0.04547133830602118,8
sex,0.03706312213785051,9
exang,0.03574535392145615,10
trestbps,0.03477511513802506,11
restecg,0.019998816159170218,12
fbs,0.0008139649120281247,13
