Feature,Importance,Rank
cp,0.18752682204926957,1
thal,0.13111443764539393,2
oldpeak,0.10520007973165911,3
thalach,0.10505367104134157,4
ca,0.09717553416062873,5
exang,0.08080026349627759,6
slope,0.06394702180030637,7
chol,0.06175888951944179,8
age,0.061503877642283815,9
trestbps,0.05669850681162959,10
sex,0.029385230990102824,11
restecg,0.014343429099911448,12
fbs,0.005492236011753587,13
